Domain Code,Domain,Area Code (FAO),Area,Element Code,Element,Item Code,Item,Year Code,Year,Unit,Value,Flag,Flag Description,Note
"FS","Suite of Food Security Indicators","2","Afghanistan","6126","Value","22013","Gross domestic product per capita, PPP, (constant 2017 international $)","2017","2017","I$","2058.4","X","International reliable sources",""
"FS","Suite of Food Security Indicators","3","Albania","6126","Value","22013","Gross domestic product per capita, PPP, (constant 2017 international $)","2017","2017","I$","12771","X","International reliable sources",""
"FS","Suite of Food Security Indicators","4","Algeria","6126","Value","22013","Gross domestic product per capita, PPP, (constant 2017 international $)","2017","2017","I$","11737.4","X","International reliable sources",""
"FS","Suite of Food Security Indicators","5","American Samoa","6126","Value","22013","Gross domestic product per capita, PPP, (constant 2017 international $)","2017","2017","I$","","X","International reliable sources",""
"FS","Suite of Food Security Indicators","6","Andorra","6126","Value","22013","Gross domestic product per capita, PPP, (constant 2017 international $)","2017","2017","I$","","X","International reliable sources",""
"FS","Suite of Food Security Indicators","7","Angola","6126","Value","22013","Gross domestic product per capita, PPP, (constant 2017 international $)","2017","2017","I$","7310.9","X","International reliable sources",""
"FS","Suite of Food Security Indicators","8","Antigua and Barbuda","6126","Value","22013","Gross domestic product per capita, PPP, (constant 2017 international $)","2017","2017","I$","19840.3","X","International reliable sources",""
"FS","Suite of Food Security Indicators","9","Argentina","6126","Value","22013","Gross domestic product per capita, PPP, (constant 2017 international $)","2017","2017","I$","23597.1","X","International reliable sources",""
"FS","Suite of Food Security Indicators","1","Armenia","6126","Value","22013","Gross domestic product per capita, PPP, (constant 2017 international $)","2017","2017","I$","12115.1","X","International reliable sources",""
"FS","Suite of Food Security Indicators","10","Australia","6126","Value","22013","Gross domestic product per capita, PPP, (constant 2017 international $)","2017","2017","I$","48398.5","X","International reliable sources",""
"FS","Suite of Food Security Indicators","11","Austria","6126","Value","22013","Gross domestic product per capita, PPP, (constant 2017 international $)","2017","2017","I$","54173","X","International reliable sources",""
"FS","Suite of Food Security Indicators","52","Azerbaijan","6126","Value","22013","Gross domestic product per capita, PPP, (constant 2017 international $)","2017","2017","I$","14121.4","X","International reliable sources",""
"FS","Suite of Food Security Indicators","12","Bahamas","6126","Value","22013","Gross domestic product per capita, PPP, (constant 2017 international $)","2017","2017","I$","35911.7","X","International reliable sources",""
"FS","Suite of Food Security Indicators","13","Bahrain","6126","Value","22013","Gross domestic product per capita, PPP, (constant 2017 international $)","2017","2017","I$","47709.8","X","International reliable sources",""
"FS","Suite of Food Security Indicators","16","Bangladesh","6126","Value","22013","Gross domestic product per capita, PPP, (constant 2017 international $)","2017","2017","I$","4894.6","X","International reliable sources",""
"FS","Suite of Food Security Indicators","14","Barbados","6126","Value","22013","Gross domestic product per capita, PPP, (constant 2017 international $)","2017","2017","I$","15800.4","X","International reliable sources",""
"FS","Suite of Food Security Indicators","57","Belarus","6126","Value","22013","Gross domestic product per capita, PPP, (constant 2017 international $)","2017","2017","I$","18356.1","X","International reliable sources",""
"FS","Suite of Food Security Indicators","255","Belgium","6126","Value","22013","Gross domestic product per capita, PPP, (constant 2017 international $)","2017","2017","I$","50442.3","X","International reliable sources",""
"FS","Suite of Food Security Indicators","23","Belize","6126","Value","22013","Gross domestic product per capita, PPP, (constant 2017 international $)","2017","2017","I$","7140.9","X","International reliable sources",""
"FS","Suite of Food Security Indicators","53","Benin","6126","Value","22013","Gross domestic product per capita, PPP, (constant 2017 international $)","2017","2017","I$","3044.5","X","International reliable sources",""
"FS","Suite of Food Security Indicators","17","Bermuda","6126","Value","22013","Gross domestic product per capita, PPP, (constant 2017 international $)","2017","2017","I$","81835","X","International reliable sources",""
"FS","Suite of Food Security Indicators","18","Bhutan","6126","Value","22013","Gross domestic product per capita, PPP, (constant 2017 international $)","2017","2017","I$","11142.5","X","International reliable sources",""
"FS","Suite of Food Security Indicators","19","Bolivia (Plurinational State of)","6126","Value","22013","Gross domestic product per capita, PPP, (constant 2017 international $)","2017","2017","I$","8423.7","X","International reliable sources",""
"FS","Suite of Food Security Indicators","80","Bosnia and Herzegovina","6126","Value","22013","Gross domestic product per capita, PPP, (constant 2017 international $)","2017","2017","I$","13753.8","X","International reliable sources",""
"FS","Suite of Food Security Indicators","20","Botswana","6126","Value","22013","Gross domestic product per capita, PPP, (constant 2017 international $)","2017","2017","I$","15948","X","International reliable sources",""
"FS","Suite of Food Security Indicators","21","Brazil","6126","Value","22013","Gross domestic product per capita, PPP, (constant 2017 international $)","2017","2017","I$","14524.6","X","International reliable sources",""
"FS","Suite of Food Security Indicators","26","Brunei Darussalam","6126","Value","22013","Gross domestic product per capita, PPP, (constant 2017 international $)","2017","2017","I$","60994.5","X","International reliable sources",""
"FS","Suite of Food Security Indicators","27","Bulgaria","6126","Value","22013","Gross domestic product per capita, PPP, (constant 2017 international $)","2017","2017","I$","21469.9","X","International reliable sources",""
"FS","Suite of Food Security Indicators","233","Burkina Faso","6126","Value","22013","Gross domestic product per capita, PPP, (constant 2017 international $)","2017","2017","I$","2044.4","X","International reliable sources",""
"FS","Suite of Food Security Indicators","29","Burundi","6126","Value","22013","Gross domestic product per capita, PPP, (constant 2017 international $)","2017","2017","I$","773.6","X","International reliable sources",""
"FS","Suite of Food Security Indicators","35","Cabo Verde","6126","Value","22013","Gross domestic product per capita, PPP, (constant 2017 international $)","2017","2017","I$","6643.2","X","International reliable sources",""
"FS","Suite of Food Security Indicators","115","Cambodia","6126","Value","22013","Gross domestic product per capita, PPP, (constant 2017 international $)","2017","2017","I$","3928.4","X","International reliable sources",""
"FS","Suite of Food Security Indicators","32","Cameroon","6126","Value","22013","Gross domestic product per capita, PPP, (constant 2017 international $)","2017","2017","I$","3665.1","X","International reliable sources",""
"FS","Suite of Food Security Indicators","33","Canada","6126","Value","22013","Gross domestic product per capita, PPP, (constant 2017 international $)","2017","2017","I$","48317.2","X","International reliable sources",""
"FS","Suite of Food Security Indicators","37","Central African Republic","6126","Value","22013","Gross domestic product per capita, PPP, (constant 2017 international $)","2017","2017","I$","912.8","X","International reliable sources",""
"FS","Suite of Food Security Indicators","39","Chad","6126","Value","22013","Gross domestic product per capita, PPP, (constant 2017 international $)","2017","2017","I$","1587","X","International reliable sources",""
"FS","Suite of Food Security Indicators","40","Chile","6126","Value","22013","Gross domestic product per capita, PPP, (constant 2017 international $)","2017","2017","I$","24411.5","X","International reliable sources",""
"FS","Suite of Food Security Indicators","351","China","6126","Value","22013","Gross domestic product per capita, PPP, (constant 2017 international $)","2017","2017","I$","14520.8","X","International reliable sources",""
"FS","Suite of Food Security Indicators","96","China, Hong Kong SAR","6126","Value","22013","Gross domestic product per capita, PPP, (constant 2017 international $)","2017","2017","I$","59842.2","X","International reliable sources",""
"FS","Suite of Food Security Indicators","128","China, Macao SAR","6126","Value","22013","Gross domestic product per capita, PPP, (constant 2017 international $)","2017","2017","I$","126144","X","International reliable sources",""
"FS","Suite of Food Security Indicators","41","China, mainland","6126","Value","22013","Gross domestic product per capita, PPP, (constant 2017 international $)","2017","2017","I$","","X","International reliable sources",""
"FS","Suite of Food Security Indicators","214","China, Taiwan Province of","6126","Value","22013","Gross domestic product per capita, PPP, (constant 2017 international $)","2017","2017","I$","","X","International reliable sources",""
"FS","Suite of Food Security Indicators","44","Colombia","6126","Value","22013","Gross domestic product per capita, PPP, (constant 2017 international $)","2017","2017","I$","14171.3","X","International reliable sources",""
"FS","Suite of Food Security Indicators","45","Comoros","6126","Value","22013","Gross domestic product per capita, PPP, (constant 2017 international $)","2017","2017","I$","3032.3","X","International reliable sources",""
"FS","Suite of Food Security Indicators","46","Congo","6126","Value","22013","Gross domestic product per capita, PPP, (constant 2017 international $)","2017","2017","I$","4234.7","X","International reliable sources",""
"FS","Suite of Food Security Indicators","47","Cook Islands","6126","Value","22013","Gross domestic product per capita, PPP, (constant 2017 international $)","2017","2017","I$","","X","International reliable sources",""
"FS","Suite of Food Security Indicators","48","Costa Rica","6126","Value","22013","Gross domestic product per capita, PPP, (constant 2017 international $)","2017","2017","I$","20347","X","International reliable sources",""
"FS","Suite of Food Security Indicators","107","Côte d'Ivoire","6126","Value","22013","Gross domestic product per capita, PPP, (constant 2017 international $)","2017","2017","I$","4830.8","X","International reliable sources",""
"FS","Suite of Food Security Indicators","98","Croatia","6126","Value","22013","Gross domestic product per capita, PPP, (constant 2017 international $)","2017","2017","I$","27154.1","X","International reliable sources",""
"FS","Suite of Food Security Indicators","49","Cuba","6126","Value","22013","Gross domestic product per capita, PPP, (constant 2017 international $)","2017","2017","I$","","X","International reliable sources",""
"FS","Suite of Food Security Indicators","50","Cyprus","6126","Value","22013","Gross domestic product per capita, PPP, (constant 2017 international $)","2017","2017","I$","38288","X","International reliable sources",""
"FS","Suite of Food Security Indicators","167","Czechia","6126","Value","22013","Gross domestic product per capita, PPP, (constant 2017 international $)","2017","2017","I$","38824.9","X","International reliable sources",""
"FS","Suite of Food Security Indicators","116","Democratic People's Republic of Korea","6126","Value","22013","Gross domestic product per capita, PPP, (constant 2017 international $)","2017","2017","I$","","X","International reliable sources",""
"FS","Suite of Food Security Indicators","250","Democratic Republic of the Congo","6126","Value","22013","Gross domestic product per capita, PPP, (constant 2017 international $)","2017","2017","I$","1059.8","X","International reliable sources",""
"FS","Suite of Food Security Indicators","54","Denmark","6126","Value","22013","Gross domestic product per capita, PPP, (constant 2017 international $)","2017","2017","I$","55356.7","X","International reliable sources",""
"FS","Suite of Food Security Indicators","72","Djibouti","6126","Value","22013","Gross domestic product per capita, PPP, (constant 2017 international $)","2017","2017","I$","4905","X","International reliable sources",""
"FS","Suite of Food Security Indicators","55","Dominica","6126","Value","22013","Gross domestic product per capita, PPP, (constant 2017 international $)","2017","2017","I$","11341.3","X","International reliable sources",""
"FS","Suite of Food Security Indicators","56","Dominican Republic","6126","Value","22013","Gross domestic product per capita, PPP, (constant 2017 international $)","2017","2017","I$","16735.4","X","International reliable sources",""
"FS","Suite of Food Security Indicators","58","Ecuador","6126","Value","22013","Gross domestic product per capita, PPP, (constant 2017 international $)","2017","2017","I$","11617.9","X","International reliable sources",""
"FS","Suite of Food Security Indicators","59","Egypt","6126","Value","22013","Gross domestic product per capita, PPP, (constant 2017 international $)","2017","2017","I$","11014.5","X","International reliable sources",""
"FS","Suite of Food Security Indicators","60","El Salvador","6126","Value","22013","Gross domestic product per capita, PPP, (constant 2017 international $)","2017","2017","I$","8454.1","X","International reliable sources",""
"FS","Suite of Food Security Indicators","61","Equatorial Guinea","6126","Value","22013","Gross domestic product per capita, PPP, (constant 2017 international $)","2017","2017","I$","22551","X","International reliable sources",""
"FS","Suite of Food Security Indicators","178","Eritrea","6126","Value","22013","Gross domestic product per capita, PPP, (constant 2017 international $)","2017","2017","I$","","X","International reliable sources",""
"FS","Suite of Food Security Indicators","63","Estonia","6126","Value","22013","Gross domestic product per capita, PPP, (constant 2017 international $)","2017","2017","I$","33821.9","X","International reliable sources",""
"FS","Suite of Food Security Indicators","209","Eswatini","6126","Value","22013","Gross domestic product per capita, PPP, (constant 2017 international $)","2017","2017","I$","8408","X","International reliable sources",""
"FS","Suite of Food Security Indicators","238","Ethiopia","6126","Value","22013","Gross domestic product per capita, PPP, (constant 2017 international $)","2017","2017","I$","2021.6","X","International reliable sources",""
"FS","Suite of Food Security Indicators","66","Fiji","6126","Value","22013","Gross domestic product per capita, PPP, (constant 2017 international $)","2017","2017","I$","13429.3","X","International reliable sources",""
"FS","Suite of Food Security Indicators","67","Finland","6126","Value","22013","Gross domestic product per capita, PPP, (constant 2017 international $)","2017","2017","I$","47570.1","X","International reliable sources",""
"FS","Suite of Food Security Indicators","68","France","6126","Value","22013","Gross domestic product per capita, PPP, (constant 2017 international $)","2017","2017","I$","44577.1","X","International reliable sources",""
"FS","Suite of Food Security Indicators","70","French Polynesia","6126","Value","22013","Gross domestic product per capita, PPP, (constant 2017 international $)","2017","2017","I$","","X","International reliable sources",""
"FS","Suite of Food Security Indicators","74","Gabon","6126","Value","22013","Gross domestic product per capita, PPP, (constant 2017 international $)","2017","2017","I$","15006.8","X","International reliable sources",""
"FS","Suite of Food Security Indicators","75","Gambia","6126","Value","22013","Gross domestic product per capita, PPP, (constant 2017 international $)","2017","2017","I$","2072.6","X","International reliable sources",""
"FS","Suite of Food Security Indicators","73","Georgia","6126","Value","22013","Gross domestic product per capita, PPP, (constant 2017 international $)","2017","2017","I$","13589.7","X","International reliable sources",""
"FS","Suite of Food Security Indicators","79","Germany","6126","Value","22013","Gross domestic product per capita, PPP, (constant 2017 international $)","2017","2017","I$","53071.5","X","International reliable sources",""
"FS","Suite of Food Security Indicators","81","Ghana","6126","Value","22013","Gross domestic product per capita, PPP, (constant 2017 international $)","2017","2017","I$","5115.9","X","International reliable sources",""
"FS","Suite of Food Security Indicators","84","Greece","6126","Value","22013","Gross domestic product per capita, PPP, (constant 2017 international $)","2017","2017","I$","28604.9","X","International reliable sources",""
"FS","Suite of Food Security Indicators","85","Greenland","6126","Value","22013","Gross domestic product per capita, PPP, (constant 2017 international $)","2017","2017","I$","","X","International reliable sources",""
"FS","Suite of Food Security Indicators","86","Grenada","6126","Value","22013","Gross domestic product per capita, PPP, (constant 2017 international $)","2017","2017","I$","16217.5","X","International reliable sources",""
"FS","Suite of Food Security Indicators","89","Guatemala","6126","Value","22013","Gross domestic product per capita, PPP, (constant 2017 international $)","2017","2017","I$","8322.2","X","International reliable sources",""
"FS","Suite of Food Security Indicators","90","Guinea","6126","Value","22013","Gross domestic product per capita, PPP, (constant 2017 international $)","2017","2017","I$","2417.8","X","International reliable sources",""
"FS","Suite of Food Security Indicators","175","Guinea-Bissau","6126","Value","22013","Gross domestic product per capita, PPP, (constant 2017 international $)","2017","2017","I$","1925.2","X","International reliable sources",""
"FS","Suite of Food Security Indicators","91","Guyana","6126","Value","22013","Gross domestic product per capita, PPP, (constant 2017 international $)","2017","2017","I$","12005.4","X","International reliable sources",""
"FS","Suite of Food Security Indicators","93","Haiti","6126","Value","22013","Gross domestic product per capita, PPP, (constant 2017 international $)","2017","2017","I$","3153.3","X","International reliable sources",""
"FS","Suite of Food Security Indicators","95","Honduras","6126","Value","22013","Gross domestic product per capita, PPP, (constant 2017 international $)","2017","2017","I$","5562","X","International reliable sources",""
"FS","Suite of Food Security Indicators","97","Hungary","6126","Value","22013","Gross domestic product per capita, PPP, (constant 2017 international $)","2017","2017","I$","29501.1","X","International reliable sources",""
"FS","Suite of Food Security Indicators","99","Iceland","6126","Value","22013","Gross domestic product per capita, PPP, (constant 2017 international $)","2017","2017","I$","55638.5","X","International reliable sources",""
"FS","Suite of Food Security Indicators","100","India","6126","Value","22013","Gross domestic product per capita, PPP, (constant 2017 international $)","2017","2017","I$","6182.9","X","International reliable sources",""
"FS","Suite of Food Security Indicators","101","Indonesia","6126","Value","22013","Gross domestic product per capita, PPP, (constant 2017 international $)","2017","2017","I$","10935.6","X","International reliable sources",""
"FS","Suite of Food Security Indicators","102","Iran (Islamic Republic of)","6126","Value","22013","Gross domestic product per capita, PPP, (constant 2017 international $)","2017","2017","I$","15883.4","X","International reliable sources",""
"FS","Suite of Food Security Indicators","103","Iraq","6126","Value","22013","Gross domestic product per capita, PPP, (constant 2017 international $)","2017","2017","I$","10526.4","X","International reliable sources",""
"FS","Suite of Food Security Indicators","104","Ireland","6126","Value","22013","Gross domestic product per capita, PPP, (constant 2017 international $)","2017","2017","I$","77749.2","X","International reliable sources",""
"FS","Suite of Food Security Indicators","105","Israel","6126","Value","22013","Gross domestic product per capita, PPP, (constant 2017 international $)","2017","2017","I$","39121.3","X","International reliable sources",""
"FS","Suite of Food Security Indicators","106","Italy","6126","Value","22013","Gross domestic product per capita, PPP, (constant 2017 international $)","2017","2017","I$","41581.1","X","International reliable sources",""
"FS","Suite of Food Security Indicators","109","Jamaica","6126","Value","22013","Gross domestic product per capita, PPP, (constant 2017 international $)","2017","2017","I$","9600.1","X","International reliable sources",""
"FS","Suite of Food Security Indicators","110","Japan","6126","Value","22013","Gross domestic product per capita, PPP, (constant 2017 international $)","2017","2017","I$","41444.2","X","International reliable sources",""
"FS","Suite of Food Security Indicators","112","Jordan","6126","Value","22013","Gross domestic product per capita, PPP, (constant 2017 international $)","2017","2017","I$","10003.6","X","International reliable sources",""
"FS","Suite of Food Security Indicators","108","Kazakhstan","6126","Value","22013","Gross domestic product per capita, PPP, (constant 2017 international $)","2017","2017","I$","24863","X","International reliable sources",""
"FS","Suite of Food Security Indicators","114","Kenya","6126","Value","22013","Gross domestic product per capita, PPP, (constant 2017 international $)","2017","2017","I$","4203.6","X","International reliable sources",""
"FS","Suite of Food Security Indicators","83","Kiribati","6126","Value","22013","Gross domestic product per capita, PPP, (constant 2017 international $)","2017","2017","I$","2069.1","X","International reliable sources",""
"FS","Suite of Food Security Indicators","118","Kuwait","6126","Value","22013","Gross domestic product per capita, PPP, (constant 2017 international $)","2017","2017","I$","50855.6","X","International reliable sources",""
"FS","Suite of Food Security Indicators","113","Kyrgyzstan","6126","Value","22013","Gross domestic product per capita, PPP, (constant 2017 international $)","2017","2017","I$","5046.7","X","International reliable sources",""
"FS","Suite of Food Security Indicators","120","Lao People's Democratic Republic","6126","Value","22013","Gross domestic product per capita, PPP, (constant 2017 international $)","2017","2017","I$","7257.8","X","International reliable sources",""
"FS","Suite of Food Security Indicators","119","Latvia","6126","Value","22013","Gross domestic product per capita, PPP, (constant 2017 international $)","2017","2017","I$","28673.6","X","International reliable sources",""
"FS","Suite of Food Security Indicators","121","Lebanon","6126","Value","22013","Gross domestic product per capita, PPP, (constant 2017 international $)","2017","2017","I$","15953.7","X","International reliable sources",""
"FS","Suite of Food Security Indicators","122","Lesotho","6126","Value","22013","Gross domestic product per capita, PPP, (constant 2017 international $)","2017","2017","I$","2668.3","X","International reliable sources",""
"FS","Suite of Food Security Indicators","123","Liberia","6126","Value","22013","Gross domestic product per capita, PPP, (constant 2017 international $)","2017","2017","I$","1564.2","X","International reliable sources",""
"FS","Suite of Food Security Indicators","124","Libya","6126","Value","22013","Gross domestic product per capita, PPP, (constant 2017 international $)","2017","2017","I$","23468","X","International reliable sources",""
"FS","Suite of Food Security Indicators","126","Lithuania","6126","Value","22013","Gross domestic product per capita, PPP, (constant 2017 international $)","2017","2017","I$","33761.9","X","International reliable sources",""
"FS","Suite of Food Security Indicators","256","Luxembourg","6126","Value","22013","Gross domestic product per capita, PPP, (constant 2017 international $)","2017","2017","I$","114986","X","International reliable sources",""
"FS","Suite of Food Security Indicators","129","Madagascar","6126","Value","22013","Gross domestic product per capita, PPP, (constant 2017 international $)","2017","2017","I$","1584.4","X","International reliable sources",""
"FS","Suite of Food Security Indicators","130","Malawi","6126","Value","22013","Gross domestic product per capita, PPP, (constant 2017 international $)","2017","2017","I$","1472.1","X","International reliable sources",""
"FS","Suite of Food Security Indicators","131","Malaysia","6126","Value","22013","Gross domestic product per capita, PPP, (constant 2017 international $)","2017","2017","I$","26661.5","X","International reliable sources",""
"FS","Suite of Food Security Indicators","132","Maldives","6126","Value","22013","Gross domestic product per capita, PPP, (constant 2017 international $)","2017","2017","I$","18057.9","X","International reliable sources",""
"FS","Suite of Food Security Indicators","133","Mali","6126","Value","22013","Gross domestic product per capita, PPP, (constant 2017 international $)","2017","2017","I$","2246.8","X","International reliable sources",""
"FS","Suite of Food Security Indicators","134","Malta","6126","Value","22013","Gross domestic product per capita, PPP, (constant 2017 international $)","2017","2017","I$","43559.3","X","International reliable sources",""
"FS","Suite of Food Security Indicators","127","Marshall Islands","6126","Value","22013","Gross domestic product per capita, PPP, (constant 2017 international $)","2017","2017","I$","3711.4","X","International reliable sources",""
"FS","Suite of Food Security Indicators","136","Mauritania","6126","Value","22013","Gross domestic product per capita, PPP, (constant 2017 international $)","2017","2017","I$","5108.5","X","International reliable sources",""
"FS","Suite of Food Security Indicators","137","Mauritius","6126","Value","22013","Gross domestic product per capita, PPP, (constant 2017 international $)","2017","2017","I$","21415.1","X","International reliable sources",""
"FS","Suite of Food Security Indicators","138","Mexico","6126","Value","22013","Gross domestic product per capita, PPP, (constant 2017 international $)","2017","2017","I$","19721.3","X","International reliable sources",""
"FS","Suite of Food Security Indicators","145","Micronesia (Federated States of)","6126","Value","22013","Gross domestic product per capita, PPP, (constant 2017 international $)","2017","2017","I$","3489.7","X","International reliable sources",""
"FS","Suite of Food Security Indicators","141","Mongolia","6126","Value","22013","Gross domestic product per capita, PPP, (constant 2017 international $)","2017","2017","I$","11366.3","X","International reliable sources",""
"FS","Suite of Food Security Indicators","273","Montenegro","6126","Value","22013","Gross domestic product per capita, PPP, (constant 2017 international $)","2017","2017","I$","19682.3","X","International reliable sources",""
"FS","Suite of Food Security Indicators","143","Morocco","6126","Value","22013","Gross domestic product per capita, PPP, (constant 2017 international $)","2017","2017","I$","7312.1","X","International reliable sources",""
"FS","Suite of Food Security Indicators","144","Mozambique","6126","Value","22013","Gross domestic product per capita, PPP, (constant 2017 international $)","2017","2017","I$","1283.7","X","International reliable sources",""
"FS","Suite of Food Security Indicators","28","Myanmar","6126","Value","22013","Gross domestic product per capita, PPP, (constant 2017 international $)","2017","2017","I$","4224.5","X","International reliable sources",""
"FS","Suite of Food Security Indicators","147","Namibia","6126","Value","22013","Gross domestic product per capita, PPP, (constant 2017 international $)","2017","2017","I$","10171.4","X","International reliable sources",""
"FS","Suite of Food Security Indicators","148","Nauru","6126","Value","22013","Gross domestic product per capita, PPP, (constant 2017 international $)","2017","2017","I$","12973.8","X","International reliable sources",""
"FS","Suite of Food Security Indicators","149","Nepal","6126","Value","22013","Gross domestic product per capita, PPP, (constant 2017 international $)","2017","2017","I$","3565.2","X","International reliable sources",""
"FS","Suite of Food Security Indicators","150","Netherlands","6126","Value","22013","Gross domestic product per capita, PPP, (constant 2017 international $)","2017","2017","I$","55088.6","X","International reliable sources",""
"FS","Suite of Food Security Indicators","153","New Caledonia","6126","Value","22013","Gross domestic product per capita, PPP, (constant 2017 international $)","2017","2017","I$","","X","International reliable sources",""
"FS","Suite of Food Security Indicators","156","New Zealand","6126","Value","22013","Gross domestic product per capita, PPP, (constant 2017 international $)","2017","2017","I$","42218.5","X","International reliable sources",""
"FS","Suite of Food Security Indicators","157","Nicaragua","6126","Value","22013","Gross domestic product per capita, PPP, (constant 2017 international $)","2017","2017","I$","6004","X","International reliable sources",""
"FS","Suite of Food Security Indicators","158","Niger","6126","Value","22013","Gross domestic product per capita, PPP, (constant 2017 international $)","2017","2017","I$","1163.2","X","International reliable sources",""
"FS","Suite of Food Security Indicators","159","Nigeria","6126","Value","22013","Gross domestic product per capita, PPP, (constant 2017 international $)","2017","2017","I$","5190.4","X","International reliable sources",""
"FS","Suite of Food Security Indicators","160","Niue","6126","Value","22013","Gross domestic product per capita, PPP, (constant 2017 international $)","2017","2017","I$","","X","International reliable sources",""
"FS","Suite of Food Security Indicators","154","North Macedonia","6126","Value","22013","Gross domestic product per capita, PPP, (constant 2017 international $)","2017","2017","I$","15706.4","X","International reliable sources",""
"FS","Suite of Food Security Indicators","162","Norway","6126","Value","22013","Gross domestic product per capita, PPP, (constant 2017 international $)","2017","2017","I$","64050.8","X","International reliable sources",""
"FS","Suite of Food Security Indicators","221","Oman","6126","Value","22013","Gross domestic product per capita, PPP, (constant 2017 international $)","2017","2017","I$","33308.5","X","International reliable sources",""
"FS","Suite of Food Security Indicators","165","Pakistan","6126","Value","22013","Gross domestic product per capita, PPP, (constant 2017 international $)","2017","2017","I$","5091.1","X","International reliable sources",""
"FS","Suite of Food Security Indicators","180","Palau","6126","Value","22013","Gross domestic product per capita, PPP, (constant 2017 international $)","2017","2017","I$","17768.4","X","International reliable sources",""
"FS","Suite of Food Security Indicators","299","Palestine","6126","Value","22013","Gross domestic product per capita, PPP, (constant 2017 international $)","2017","2017","I$","6401.7","X","International reliable sources",""
"FS","Suite of Food Security Indicators","166","Panama","6126","Value","22013","Gross domestic product per capita, PPP, (constant 2017 international $)","2017","2017","I$","30446.8","X","International reliable sources",""
"FS","Suite of Food Security Indicators","168","Papua New Guinea","6126","Value","22013","Gross domestic product per capita, PPP, (constant 2017 international $)","2017","2017","I$","4285.1","X","International reliable sources",""
"FS","Suite of Food Security Indicators","169","Paraguay","6126","Value","22013","Gross domestic product per capita, PPP, (constant 2017 international $)","2017","2017","I$","12590.5","X","International reliable sources",""
"FS","Suite of Food Security Indicators","170","Peru","6126","Value","22013","Gross domestic product per capita, PPP, (constant 2017 international $)","2017","2017","I$","12506.5","X","International reliable sources",""
"FS","Suite of Food Security Indicators","171","Philippines","6126","Value","22013","Gross domestic product per capita, PPP, (constant 2017 international $)","2017","2017","I$","8120.9","X","International reliable sources",""
"FS","Suite of Food Security Indicators","173","Poland","6126","Value","22013","Gross domestic product per capita, PPP, (constant 2017 international $)","2017","2017","I$","30064.5","X","International reliable sources",""
"FS","Suite of Food Security Indicators","174","Portugal","6126","Value","22013","Gross domestic product per capita, PPP, (constant 2017 international $)","2017","2017","I$","33044.7","X","International reliable sources",""
"FS","Suite of Food Security Indicators","177","Puerto Rico","6126","Value","22013","Gross domestic product per capita, PPP, (constant 2017 international $)","2017","2017","I$","34363.8","X","International reliable sources",""
"FS","Suite of Food Security Indicators","179","Qatar","6126","Value","22013","Gross domestic product per capita, PPP, (constant 2017 international $)","2017","2017","I$","91738.8","X","International reliable sources",""
"FS","Suite of Food Security Indicators","117","Republic of Korea","6126","Value","22013","Gross domestic product per capita, PPP, (constant 2017 international $)","2017","2017","I$","40957.4","X","International reliable sources",""
"FS","Suite of Food Security Indicators","146","Republic of Moldova","6126","Value","22013","Gross domestic product per capita, PPP, (constant 2017 international $)","2017","2017","I$","11651.3","X","International reliable sources",""
"FS","Suite of Food Security Indicators","183","Romania","6126","Value","22013","Gross domestic product per capita, PPP, (constant 2017 international $)","2017","2017","I$","27141.9","X","International reliable sources",""
"FS","Suite of Food Security Indicators","185","Russian Federation","6126","Value","22013","Gross domestic product per capita, PPP, (constant 2017 international $)","2017","2017","I$","25926.4","X","International reliable sources",""
"FS","Suite of Food Security Indicators","184","Rwanda","6126","Value","22013","Gross domestic product per capita, PPP, (constant 2017 international $)","2017","2017","I$","1975.2","X","International reliable sources",""
"FS","Suite of Food Security Indicators","188","Saint Kitts and Nevis","6126","Value","22013","Gross domestic product per capita, PPP, (constant 2017 international $)","2017","2017","I$","26980.3","X","International reliable sources",""
"FS","Suite of Food Security Indicators","189","Saint Lucia","6126","Value","22013","Gross domestic product per capita, PPP, (constant 2017 international $)","2017","2017","I$","14928.4","X","International reliable sources",""
"FS","Suite of Food Security Indicators","191","Saint Vincent and the Grenadines","6126","Value","22013","Gross domestic product per capita, PPP, (constant 2017 international $)","2017","2017","I$","13102.1","X","International reliable sources",""
"FS","Suite of Food Security Indicators","244","Samoa","6126","Value","22013","Gross domestic product per capita, PPP, (constant 2017 international $)","2017","2017","I$","6486.1","X","International reliable sources",""
"FS","Suite of Food Security Indicators","193","Sao Tome and Principe","6126","Value","22013","Gross domestic product per capita, PPP, (constant 2017 international $)","2017","2017","I$","3952.9","X","International reliable sources",""
"FS","Suite of Food Security Indicators","194","Saudi Arabia","6126","Value","22013","Gross domestic product per capita, PPP, (constant 2017 international $)","2017","2017","I$","47306.2","X","International reliable sources",""
"FS","Suite of Food Security Indicators","195","Senegal","6126","Value","22013","Gross domestic product per capita, PPP, (constant 2017 international $)","2017","2017","I$","3203.9","X","International reliable sources",""
"FS","Suite of Food Security Indicators","272","Serbia","6126","Value","22013","Gross domestic product per capita, PPP, (constant 2017 international $)","2017","2017","I$","16611","X","International reliable sources",""
"FS","Suite of Food Security Indicators","196","Seychelles","6126","Value","22013","Gross domestic product per capita, PPP, (constant 2017 international $)","2017","2017","I$","28116.7","X","International reliable sources",""
"FS","Suite of Food Security Indicators","197","Sierra Leone","6126","Value","22013","Gross domestic product per capita, PPP, (constant 2017 international $)","2017","2017","I$","1633.7","X","International reliable sources",""
"FS","Suite of Food Security Indicators","200","Singapore","6126","Value","22013","Gross domestic product per capita, PPP, (constant 2017 international $)","2017","2017","I$","95310.3","X","International reliable sources",""
"FS","Suite of Food Security Indicators","199","Slovakia","6126","Value","22013","Gross domestic product per capita, PPP, (constant 2017 international $)","2017","2017","I$","30061.6","X","International reliable sources",""
"FS","Suite of Food Security Indicators","198","Slovenia","6126","Value","22013","Gross domestic product per capita, PPP, (constant 2017 international $)","2017","2017","I$","36507.6","X","International reliable sources",""
"FS","Suite of Food Security Indicators","25","Solomon Islands","6126","Value","22013","Gross domestic product per capita, PPP, (constant 2017 international $)","2017","2017","I$","2663.5","X","International reliable sources",""
"FS","Suite of Food Security Indicators","201","Somalia","6126","Value","22013","Gross domestic product per capita, PPP, (constant 2017 international $)","2017","2017","I$","1079.1","X","International reliable sources",""
"FS","Suite of Food Security Indicators","202","South Africa","6126","Value","22013","Gross domestic product per capita, PPP, (constant 2017 international $)","2017","2017","I$","13860.3","X","International reliable sources",""
"FS","Suite of Food Security Indicators","277","South Sudan","6126","Value","22013","Gross domestic product per capita, PPP, (constant 2017 international $)","2017","2017","I$","","X","International reliable sources",""
"FS","Suite of Food Security Indicators","203","Spain","6126","Value","22013","Gross domestic product per capita, PPP, (constant 2017 international $)","2017","2017","I$","39528.9","X","International reliable sources",""
"FS","Suite of Food Security Indicators","38","Sri Lanka","6126","Value","22013","Gross domestic product per capita, PPP, (constant 2017 international $)","2017","2017","I$","12584.1","X","International reliable sources",""
"FS","Suite of Food Security Indicators","276","Sudan","6126","Value","22013","Gross domestic product per capita, PPP, (constant 2017 international $)","2017","2017","I$","4598.9","X","International reliable sources",""
"FS","Suite of Food Security Indicators","207","Suriname","6126","Value","22013","Gross domestic product per capita, PPP, (constant 2017 international $)","2017","2017","I$","18283.7","X","International reliable sources",""
"FS","Suite of Food Security Indicators","210","Sweden","6126","Value","22013","Gross domestic product per capita, PPP, (constant 2017 international $)","2017","2017","I$","51948","X","International reliable sources",""
"FS","Suite of Food Security Indicators","211","Switzerland","6126","Value","22013","Gross domestic product per capita, PPP, (constant 2017 international $)","2017","2017","I$","69103.6","X","International reliable sources",""
"FS","Suite of Food Security Indicators","212","Syrian Arab Republic","6126","Value","22013","Gross domestic product per capita, PPP, (constant 2017 international $)","2017","2017","I$","","X","International reliable sources",""
"FS","Suite of Food Security Indicators","208","Tajikistan","6126","Value","22013","Gross domestic product per capita, PPP, (constant 2017 international $)","2017","2017","I$","3252.9","X","International reliable sources",""
"FS","Suite of Food Security Indicators","216","Thailand","6126","Value","22013","Gross domestic product per capita, PPP, (constant 2017 international $)","2017","2017","I$","17423","X","International reliable sources",""
"FS","Suite of Food Security Indicators","176","Timor-Leste","6126","Value","22013","Gross domestic product per capita, PPP, (constant 2017 international $)","2017","2017","I$","3177.5","X","International reliable sources",""
"FS","Suite of Food Security Indicators","217","Togo","6126","Value","22013","Gross domestic product per capita, PPP, (constant 2017 international $)","2017","2017","I$","2012.2","X","International reliable sources",""
"FS","Suite of Food Security Indicators","218","Tokelau","6126","Value","22013","Gross domestic product per capita, PPP, (constant 2017 international $)","2017","2017","I$","","X","International reliable sources",""
"FS","Suite of Food Security Indicators","219","Tonga","6126","Value","22013","Gross domestic product per capita, PPP, (constant 2017 international $)","2017","2017","I$","6466.3","X","International reliable sources",""
"FS","Suite of Food Security Indicators","220","Trinidad and Tobago","6126","Value","22013","Gross domestic product per capita, PPP, (constant 2017 international $)","2017","2017","I$","27277.9","X","International reliable sources",""
"FS","Suite of Food Security Indicators","222","Tunisia","6126","Value","22013","Gross domestic product per capita, PPP, (constant 2017 international $)","2017","2017","I$","11234.5","X","International reliable sources",""
"FS","Suite of Food Security Indicators","223","Türkiye","6126","Value","22013","Gross domestic product per capita, PPP, (constant 2017 international $)","2017","2017","I$","27913.8","X","International reliable sources",""
"FS","Suite of Food Security Indicators","213","Turkmenistan","6126","Value","22013","Gross domestic product per capita, PPP, (constant 2017 international $)","2017","2017","I$","14205","X","International reliable sources",""
"FS","Suite of Food Security Indicators","227","Tuvalu","6126","Value","22013","Gross domestic product per capita, PPP, (constant 2017 international $)","2017","2017","I$","4010.1","X","International reliable sources",""
"FS","Suite of Food Security Indicators","226","Uganda","6126","Value","22013","Gross domestic product per capita, PPP, (constant 2017 international $)","2017","2017","I$","2074.7","X","International reliable sources",""
"FS","Suite of Food Security Indicators","230","Ukraine","6126","Value","22013","Gross domestic product per capita, PPP, (constant 2017 international $)","2017","2017","I$","11860.6","X","International reliable sources",""
"FS","Suite of Food Security Indicators","225","United Arab Emirates","6126","Value","22013","Gross domestic product per capita, PPP, (constant 2017 international $)","2017","2017","I$","67183.6","X","International reliable sources",""
"FS","Suite of Food Security Indicators","229","United Kingdom of Great Britain and Northern Ireland","6126","Value","22013","Gross domestic product per capita, PPP, (constant 2017 international $)","2017","2017","I$","46372.4","X","International reliable sources",""
"FS","Suite of Food Security Indicators","215","United Republic of Tanzania","6126","Value","22013","Gross domestic product per capita, PPP, (constant 2017 international $)","2017","2017","I$","2530.6","X","International reliable sources",""
"FS","Suite of Food Security Indicators","231","United States of America","6126","Value","22013","Gross domestic product per capita, PPP, (constant 2017 international $)","2017","2017","I$","59914.8","X","International reliable sources",""
"FS","Suite of Food Security Indicators","234","Uruguay","6126","Value","22013","Gross domestic product per capita, PPP, (constant 2017 international $)","2017","2017","I$","23009.9","X","International reliable sources",""
"FS","Suite of Food Security Indicators","235","Uzbekistan","6126","Value","22013","Gross domestic product per capita, PPP, (constant 2017 international $)","2017","2017","I$","6840.7","X","International reliable sources",""
"FS","Suite of Food Security Indicators","155","Vanuatu","6126","Value","22013","Gross domestic product per capita, PPP, (constant 2017 international $)","2017","2017","I$","3081.5","X","International reliable sources",""
"FS","Suite of Food Security Indicators","236","Venezuela (Bolivarian Republic of)","6126","Value","22013","Gross domestic product per capita, PPP, (constant 2017 international $)","2017","2017","I$","","X","International reliable sources",""
"FS","Suite of Food Security Indicators","237","Viet Nam","6126","Value","22013","Gross domestic product per capita, PPP, (constant 2017 international $)","2017","2017","I$","8996.4","X","International reliable sources",""
"FS","Suite of Food Security Indicators","249","Yemen","6126","Value","22013","Gross domestic product per capita, PPP, (constant 2017 international $)","2017","2017","I$","","X","International reliable sources",""
"FS","Suite of Food Security Indicators","251","Zambia","6126","Value","22013","Gross domestic product per capita, PPP, (constant 2017 international $)","2017","2017","I$","3485","X","International reliable sources",""
"FS","Suite of Food Security Indicators","181","Zimbabwe","6126","Value","22013","Gross domestic product per capita, PPP, (constant 2017 international $)","2017","2017","I$","3795.6","X","International reliable sources",""
